Pregnancies,Glucose,BloodPressure,SkinThickness,Insulin,BMI,DiabetesPedigreeFunction,Age,Glucose_BMI_Ratio,Age_Pregnancies,True_Outcome,Predicted_Outcome
4,123.0,62.0,,,32.0,0.226,35,3936.0,140,1,0
5,124.0,74.0,,,34.0,0.22,38,4216.0,190,1,0
10,162.0,84.0,,,27.7,0.182,54,4487.4,540,0,1
7,137.0,90.0,41.0,,32.0,0.391,39,4384.0,273,0,1
4,154.0,62.0,31.0,284.0,32.8,0.237,23,5051.2,92,0,1
4,109.0,64.0,44.0,99.0,34.8,0.905,26,3793.2,104,1,0
6,119.0,50.0,22.0,176.0,27.1,1.318,33,3224.9,198,1,0
3,78.0,50.0,32.0,88.0,31.0,0.248,26,2418.0,78,1,0
9,112.0,82.0,24.0,,28.2,1.282,50,3158.4,450,1,0
7,114.0,66.0,,,32.8,0.258,42,3739.2,294,1,0
6,154.0,78.0,41.0,140.0,46.1,0.571,27,7099.400000000001,162,0,1
4,118.0,70.0,,,44.5,0.904,26,5251.0,104,0,1
2,146.0,76.0,35.0,194.0,38.2,0.329,29,5577.200000000001,58,0,1
4,132.0,,,,32.9,0.302,23,4342.8,92,1,0
3,121.0,52.0,,,36.0,0.127,25,4356.0,75,1,0
8,124.0,76.0,24.0,600.0,28.7,0.687,52,3558.7999999999997,416,1,0
11,103.0,68.0,40.0,,46.2,0.126,42,4758.6,462,0,1
1,193.0,50.0,16.0,375.0,25.9,0.655,24,4998.7,24,0,1
5,147.0,75.0,,,29.9,0.434,28,4395.3,140,0,1
7,125.0,86.0,,,37.6,0.304,51,4700.0,357,0,1
1,128.0,98.0,41.0,58.0,32.0,1.321,33,4096.0,33,1,0
0,165.0,90.0,33.0,680.0,52.3,0.427,23,8629.5,0,0,1
7,107.0,74.0,,,29.6,0.254,31,3167.2000000000003,217,1,0
8,105.0,100.0,36.0,,43.3,0.239,45,4546.5,360,1,0
7,159.0,64.0,,,27.4,0.294,40,4356.599999999999,280,0,1
0,165.0,76.0,43.0,255.0,47.9,0.259,26,7903.5,0,0,1
1,153.0,82.0,42.0,485.0,40.6,0.687,23,6211.8,23,0,1
1,139.0,62.0,41.0,480.0,40.7,0.536,21,5657.3,21,0,1
6,124.0,72.0,,,27.6,0.368,29,3422.4,174,1,0
0,113.0,76.0,,,33.3,0.278,23,3762.8999999999996,0,1,0
7,179.0,95.0,31.0,,34.2,0.164,60,6121.8,420,0,1
0,131.0,,,,43.2,0.27,26,5659.200000000001,0,1,0
1,149.0,68.0,29.0,127.0,29.3,0.349,42,4365.7,42,1,0
